"Andaz, Natasha,nsa258@nyu.edu,BlueCat258"							
"Brown Jr, Patrick,pb3263@nyu.edu,GreenFox3263"							
"Burts, EL,elb8806@nyu.edu,WhiteLion8806"							
"Diaz, Amanda,ahd9504@nyu.edu,BrownTiger9504"							
"Gelardi Olson, Liz,eg4166@nyu.edu,RedHawk4166"							
"Grillo, Ariana,ang6147@nyu.edu,YellowBear6147"							
"Kastner, Howard,hpk234@nyu.edu,GrayDeer234"							
"Labrie, Leigh,ll6126@nyu.edu,PurpleDog6126"							
"Lee, Brian,bl4312@nyu.edu,PinkElephant4312"							
"Mincer, Erin,eem363@nyu.edu,VioletEagle363"							
"Parchment, Nya-Gabriella,np3368@nyu.edu,BeigeCat3368"							
"Winey, Justin,jdw9540@nyu.edu,TaupeOwl9540"							
							
							
							
							
							
							
							
							
							
							
							
							
							
							
							